timestamp,temperature,vibration,pressure,failure
2023-01-01 00:00:00,49.635504954436904,5.705468936920089,92.17641821587901,0
2023-01-01 01:00:00,54.70316248191036,5.122787494814416,95.72700604228734,0
2023-01-01 02:00:00,57.56198674318711,4.866147317610736,95.17213803607585,0
2023-01-01 03:00:00,59.605396016155375,4.924814027482568,87.29840160536271,0
2023-01-01 04:00:00,56.80272421261182,5.0903299601727525,91.13612920436385,0
2023-01-01 05:00:00,56.90300368679817,5.354237598333429,96.48418633549133,0
2023-01-01 06:00:00,61.285988606411266,5.264244936520959,98.45619026452526,0
2023-01-01 07:00:00,59.62819305848259,5.666534878344824,96.3598604679723,0
2023-01-01 08:00:00,56.64410419235789,5.494156830999597,104.60322507241986,0
2023-01-01 09:00:00,54.7239459052397,5.800397021138584,102.71564000663034,0
2023-01-01 10:00:00,52.59164599275755,5.742889313447077,92.19847092262637,0
2023-01-01 11:00:00,50.41191821809809,6.289269414727424,88.46962109078844,0
2023-01-01 12:00:00,46.88517012724256,5.7682686964749745,92.56766329054533,0
2023-01-01 13:00:00,41.08718830925564,5.8976043645255825,98.82219180329263,0
2023-01-01 14:00:00,38.34406890419522,5.765705527878971,101.32806132676332,0
2023-01-01 15:00:00,39.432876217529724,5.680234533310376,104.21060645124088,0
2023-01-01 16:00:00,41.859703987504226,5.129786216514471,92.1589069971675,0
2023-01-01 17:00:00,41.14672679014866,5.177920538277948,95.42476622346729,0
2023-01-01 18:00:00,38.4325362652167,5.359707005889808,92.86409485147215,0
2023-01-01 19:00:00,41.18382558089141,5.355386921840176,98.34565934421558,0
2023-01-01 20:00:00,45.55857639378006,5.08664370733194,95.71373857577166,0
2023-01-01 21:00:00,48.006922756961345,4.798339201505378,110.60199676250792,0
2023-01-01 22:00:00,42.836590064560895,5.10507781110989,108.07992227759408,0
2023-01-01 23:00:00,43.76207029190952,5.694505701419193,88.76970933096975,0
2023-01-02 00:00:00,46.7924414410051,5.488383208592136,78.05226452262306,0
2023-01-02 01:00:00,49.09326609928957,4.732951645516338,98.15992179611236,0
2023-01-02 02:00:00,51.76349391653278,4.378860574347959,116.35252535864424,0
2023-01-02 03:00:00,53.01895963124589,4.6693898418229765,111.10816781335568,0
2023-01-02 04:00:00,55.996981663795154,4.5756540163531,98.03922312112249,0
2023-01-02 05:00:00,53.52419973042107,4.33480312866664,98.65985648773818,0
2023-01-02 06:00:00,58.27583069573873,3.7993044752221974,96.9873102089836,0
2023-01-02 07:00:00,60.28746070252464,4.265178861123773,99.19287929309809,0
2023-01-02 08:00:00,56.256351067201216,4.92110024217814,99.2860485298452,0
2023-01-02 09:00:00,52.432829473358055,5.222842696573809,104.89587912977652,0
2023-01-02 10:00:00,50.98143037564193,5.4025969335723,113.49855585696314,0
2023-01-02 11:00:00,52.258660220779376,5.348914834262233,118.41646705414487,0
2023-01-02 12:00:00,45.58340261581619,4.881730122975884,108.50165763174579,0
2023-01-02 13:00:00,41.89225818800135,4.418398639368976,97.48458464772405,0
2023-01-02 14:00:00,39.5548375926601,4.988682847291624,92.45949333915374,0
2023-01-02 15:00:00,45.076573234022185,5.765690404133951,91.94181212912433,0
2023-01-02 16:00:00,47.199258058721725,5.437328367123526,91.22677240454703,0
2023-01-02 17:00:00,44.74709884698034,5.297849605230862,98.44642514744615,0
2023-01-02 18:00:00,42.50463458559589,4.867106146360606,100.55591783431115,0
2023-01-02 19:00:00,40.01574622874777,4.757334325617486,96.45747972751323,0
2023-01-02 20:00:00,39.02661337924524,4.541114933871412,100.18317297052116,0
2023-01-02 21:00:00,39.6326968919484,4.8687448001205045,102.14542687653899,0
2023-01-02 22:00:00,46.92273624815079,4.345306221569024,105.95433675613208,0
2023-01-02 23:00:00,52.49710587258354,4.490472867735453,98.29803559487706,0
2023-01-03 00:00:00,50.31309421766427,5.274888686512161,96.85778268865785,0
2023-01-03 01:00:00,48.27801757886814,5.639942436797269,101.78430185983667,0
2023-01-03 02:00:00,50.547869501603834,5.076141194860157,104.40688036438367,0
2023-01-03 03:00:00,53.68249570682993,5.022979701533786,98.65005342697866,0
2023-01-03 04:00:00,54.33844538469648,5.279093778902866,94.21505771953761,0
2023-01-03 05:00:00,58.601893883216,5.038886730572823,93.35759451169757,0
2023-01-03 06:00:00,62.60517148210865,4.631219574245226,92.40426732731464,0
2023-01-03 07:00:00,59.32558241642336,4.737121413759843,90.68568495485681,0
2023-01-03 08:00:00,54.86626729006935,5.438130645611335,100.36710986986523,0
2023-01-03 09:00:00,52.955483535725186,5.979060793770642,106.74814317354492,0
2023-01-03 10:00:00,56.05969732534924,5.688323541568602,108.58904039855915,0
2023-01-03 11:00:00,54.246529897312584,5.642972167124226,106.49521980546098,0
2023-01-03 12:00:00,50.71453339272715,5.07424323865968,104.32135745843668,0
2023-01-03 13:00:00,45.14341213239364,5.27167404738898,103.48744617639369,0
2023-01-03 14:00:00,41.13703430936159,4.935226647305635,101.97272617682324,0
2023-01-03 15:00:00,40.73981000757412,5.291714390677504,104.88382367947527,0
2023-01-03 16:00:00,46.24092027887772,4.875803326373868,102.99843798414491,0
2023-01-03 17:00:00,47.62581638079062,5.0373037660090105,88.4678020718419,0
2023-01-03 18:00:00,46.667821935993864,5.18623732456916,83.28309796405581,0
2023-01-03 19:00:00,45.87301046516522,5.243267539468939,96.48878882384986,0
2023-01-03 20:00:00,45.28141268013189,5.245788388485957,112.03101749671345,0
2023-01-03 21:00:00,43.76956213166173,4.879999979374773,112.40404204538399,0
2023-01-03 22:00:00,49.11941037395992,5.0933307958014336,109.72745026347934,0
2023-01-03 23:00:00,51.76499180202938,5.152249400715601,107.58832042438242,0
2023-01-04 00:00:00,55.95789450076987,4.873462567209349,103.40487276515067,0
2023-01-04 01:00:00,49.75895941181302,4.8387028859956915,100.32977422856115,0
2023-01-04 02:00:00,51.321951558712094,4.984808829422915,97.24539882054589,0
2023-01-04 03:00:00,52.182712138776935,4.903414892757463,96.52344707147624,0
2023-01-04 04:00:00,58.120253188208366,4.442644078974302,103.61968583450336,0
2023-01-04 05:00:00,56.32664759407997,4.940111508091952,105.13736837920209,0
2023-01-04 06:00:00,52.86436603649182,5.588219470906658,100.3120083179873,0
2023-01-04 07:00:00,51.833786400803454,5.617479585970871,97.17649901195128,0
2023-01-04 08:00:00,52.1239197969746,5.353370912157374,104.19046174809837,0
2023-01-04 09:00:00,59.35228146600202,5.186514381094065,102.32276339254052,0
2023-01-04 10:00:00,56.85361347196804,5.633933093461584,89.58440530389973,0
2023-01-04 11:00:00,51.58583968249793,5.921110206337684,84.10446956222559,0
2023-01-04 12:00:00,45.06696606568685,6.073291322019031,86.6529024433945,0
2023-01-04 13:00:00,47.64283343540606,5.899598280942978,92.14732820991455,0
2023-01-04 14:00:00,49.21639920703207,5.974068347783813,91.74011612200461,0
2023-01-04 15:00:00,46.86805922539077,5.687817728057177,94.38374392349706,0
2023-01-04 16:00:00,43.833516739959805,5.40319189690428,101.68025296059507,0
2023-01-04 17:00:00,42.76017081100066,5.2816998853851445,108.08872351789455,0
2023-01-04 18:00:00,46.09361886414388,5.152103168796308,108.39443041981461,0
2023-01-04 19:00:00,44.55429219977926,5.07186298589988,105.25829819203524,0
2023-01-04 20:00:00,43.82628798861628,5.114792202078672,97.85141602030411,0
2023-01-04 21:00:00,42.762316917665025,5.296134147874353,99.07066091861776,0
2023-01-04 22:00:00,42.80914717249545,5.186995348634323,99.93670469141622,0
2023-01-04 23:00:00,44.69694531654421,5.2314871238753895,107.20708637282983,0
2023-01-05 00:00:00,48.888953953919085,4.641663378128435,98.55131649648781,0
2023-01-05 01:00:00,53.753822017948394,4.643459701011324,90.36824890356604,0
2023-01-05 02:00:00,54.015474089648855,4.815721854459843,90.62221083135279,0
2023-01-05 03:00:00,51.78927139190201,5.632486448947264,100.72247679612329,0
2023-01-05 04:00:00,51.1304373168144,4.755300694614866,102.80529032930991,0
2023-01-05 05:00:00,53.141106491032915,4.929584986888375,90.79565668812663,0
2023-01-05 06:00:00,55.714619909903014,4.984703611003441,95.39762246590428,0
2023-01-05 07:00:00,54.91878153171717,5.932590493646593,95.2333795229963,0
2023-01-05 08:00:00,54.958212624710505,5.458570301082172,103.87038721994887,0
2023-01-05 09:00:00,59.52501578254447,5.717245755156595,100.23959967558983,0
2023-01-05 10:00:00,59.90726605768902,5.3660788940548105,105.56105366287923,0
2023-01-05 11:00:00,56.85670446601707,5.305249861499619,95.87759645091968,0
2023-01-05 12:00:00,51.95512958896428,5.6344933616460455,100.35796771300944,0
2023-01-05 13:00:00,46.135160303065604,5.958456532448724,98.15688998043358,0
2023-01-05 14:00:00,42.59578101174235,6.071961898420939,96.24263193974227,0
2023-01-05 15:00:00,42.353527575978575,5.931830812393568,94.80205747010923,0
2023-01-05 16:00:00,50.3541761974036,6.141861553387101,91.58940847206941,0
2023-01-05 17:00:00,50.55227455548212,6.002644536934853,94.50241201750042,0
2023-01-05 18:00:00,48.93802383835955,5.6964648073025,92.68200012788326,0
2023-01-05 19:00:00,45.194776456852786,6.105611818284251,96.00962234410406,0
2023-01-05 20:00:00,43.30680438641576,6.040419990223414,90.1362104998739,0
2023-01-05 21:00:00,45.13657522470978,5.7333561888382985,81.58887712729141,0
2023-01-05 22:00:00,49.99718407851734,5.464152103816293,75.3852211775304,0
2023-01-05 23:00:00,56.37613258688331,5.878227714076627,92.56495690219614,0
2023-01-06 00:00:00,52.587420502236185,6.057494087662477,109.76106344065066,0
2023-01-06 01:00:00,56.143040743841986,5.9952583797160255,105.87432735216345,0
2023-01-06 02:00:00,55.24212724073418,5.547729538684486,92.29108931899052,0
2023-01-06 03:00:00,57.47243305917411,5.680626425944771,91.56411106738871,0
2023-01-06 04:00:00,61.49634439174245,5.559475657129642,95.84693431741032,0
2023-01-06 05:00:00,64.69456016484051,5.699549491657769,91.47305805874188,0
2023-01-06 06:00:00,60.083432975718196,5.208506934080261,93.1462159132602,0
2023-01-06 07:00:00,56.50554935596072,5.668685701405181,96.72286931707679,0
2023-01-06 08:00:00,59.48235557573445,5.957605089819901,100.71915537879917,0
2023-01-06 09:00:00,55.02518566402674,6.382143925469983,96.00107785621611,0
2023-01-06 10:00:00,53.199601221653914,6.406931680047191,93.23679620284435,0
2023-01-06 11:00:00,51.1007932658824,6.67992551451681,95.05044483793853,0
2023-01-06 12:00:00,53.67426180479526,6.866565630885098,97.41016394218192,0
2023-01-06 13:00:00,49.72057024151711,6.555585478341384,95.5420398732527,0
2023-01-06 14:00:00,52.83972419143968,6.342589992919839,85.05389636995666,0
2023-01-06 15:00:00,49.94366326718263,6.744459234372451,82.93166290715304,0
2023-01-06 16:00:00,48.49667768333797,6.670851685500809,94.30514123006202,0
2023-01-06 17:00:00,47.05145068702693,6.400105008446206,94.54078375369497,0
2023-01-06 18:00:00,47.292293786481444,6.2549780093318335,83.01787458125784,0
2023-01-06 19:00:00,46.58804501762955,6.217332900097965,76.5532140112344,0
2023-01-06 20:00:00,50.05263970495362,6.129049487961568,85.22650432134152,0
2023-01-06 21:00:00,51.64470088221495,6.2288024271116855,89.83725336079331,0
2023-01-06 22:00:00,50.2326837930009,6.257116363073281,90.25253224187081,0
2023-01-06 23:00:00,50.50783615237539,5.987146663903785,87.91471252540939,0
2023-01-07 00:00:00,58.03426512645212,6.12749177222517,93.6506488050749,0
2023-01-07 01:00:00,57.128864301105445,5.97055108794622,88.04162752437853,0
2023-01-07 02:00:00,54.37952701575992,5.491243945722204,81.00668139982096,0
2023-01-07 03:00:00,55.63250701398583,5.882939278977593,75.12225763588273,0
2023-01-07 04:00:00,62.03291246343453,6.336569240711266,75.3208025246906,0
2023-01-07 05:00:00,62.97835354451526,5.948349635067871,81.4965259445214,0
2023-01-07 06:00:00,62.07555203633185,4.854808971956336,93.42265287122406,1
2023-01-07 07:00:00,60.460064579551904,5.179899040880516,99.95547735008897,0
2023-01-07 08:00:00,60.79797833172723,5.6749946641985565,91.45657441802152,0
2023-01-07 09:00:00,59.7975609984863,6.377617252189012,83.10300287876318,0
2023-01-07 10:00:00,57.55726761821705,6.762109939247851,81.85318065989495,0
2023-01-07 11:00:00,57.92419310956843,6.660835545169608,82.12929943506289,0
2023-01-07 12:00:00,58.46849144783055,6.689145918314895,84.41447543798046,0
2023-01-07 13:00:00,54.328830630408085,7.005809284875304,91.02040428267988,0
2023-01-07 14:00:00,48.70544841416938,7.012257033879844,97.2379822949856,0
2023-01-07 15:00:00,45.67458773475732,5.581201491033739,93.57743608860828,0
2023-01-07 16:00:00,47.18005435612756,5.749056848614331,88.24856702372499,0
2023-01-07 17:00:00,48.36384992566547,5.967526012857023,91.56304705455092,0
2023-01-07 18:00:00,47.853195623550185,5.59756430560161,98.88500023461104,0
2023-01-07 19:00:00,45.69486520320072,4.886442910954169,107.15539901369415,0
2023-01-07 20:00:00,46.00684689977067,5.7264458506702764,104.62069811375086,0
2023-01-07 21:00:00,50.04425121307934,6.35650986671291,96.2831086126755,0
2023-01-07 22:00:00,53.221565493386024,6.0001501916325966,84.76507511661099,0
2023-01-07 23:00:00,54.904112919957335,5.4693819251912945,89.02979096515253,0
2023-01-08 00:00:00,52.14244148230956,5.335332024211637,94.50425874110408,0
2023-01-08 01:00:00,47.47009688844749,5.3747260098026475,105.33017378769334,0
2023-01-08 02:00:00,48.23709998700967,5.291085910216917,106.24236698368689,0
2023-01-08 03:00:00,51.04375182722255,5.109516778787088,101.12189170680057,0
2023-01-08 04:00:00,55.08469397390727,4.957347430354463,97.48347400822469,0
2023-01-08 05:00:00,57.48148977746907,4.808921017279378,93.96365315125081,0
2023-01-08 06:00:00,59.54866480512804,4.84272987272743,104.73434936676897,0
2023-01-08 07:00:00,58.36398578707296,4.684542959773212,102.40497829505784,0
2023-01-08 08:00:00,59.83240685761401,4.855758301519772,98.04663413396362,0
2023-01-08 09:00:00,56.82519738902973,4.948449688302117,100.42525174247179,0
2023-01-08 10:00:00,60.26387920554313,5.079755042464323,112.9452273652547,0
2023-01-08 11:00:00,59.24811018488986,5.098336022363196,108.87218033378507,0
2023-01-08 12:00:00,55.334079952769756,5.628470888285578,97.22577638654425,0
2023-01-08 13:00:00,43.82920392991251,6.124374082668928,94.40743194468531,0
2023-01-08 14:00:00,42.60395407955153,5.684385245286805,104.20279978921491,0
2023-01-08 15:00:00,43.510530796041984,5.035003542978663,98.79103108434923,0
2023-01-08 16:00:00,45.517659126152445,5.1618862105492225,101.50702533477387,0
2023-01-08 17:00:00,45.67555915607846,5.43007604022305,93.05581243936831,0
2023-01-08 18:00:00,46.29197722343524,5.202626628032297,100.31103669856748,0
2023-01-08 19:00:00,42.92366604008277,4.97161019201748,91.81559017506143,0
2023-01-08 20:00:00,39.0991894014574,5.014718366300405,102.2540986685765,0
2023-01-08 21:00:00,39.00422547756322,5.010005249732928,97.23507859349664,0
2023-01-08 22:00:00,44.73277720101716,4.722150855035133,95.58292297814053,0
2023-01-08 23:00:00,51.68894966796959,4.511078024262762,102.77968706982408,0
2023-01-09 00:00:00,50.25753509477084,4.451297645035604,106.84006750512462,0
2023-01-09 01:00:00,48.16022908933429,4.130226941718222,99.93122780441065,0
2023-01-09 02:00:00,51.17680135649115,4.057481070073739,91.08695873847763,0
2023-01-09 03:00:00,54.76668460609801,4.213028319769101,97.46879554599778,0
2023-01-09 04:00:00,54.726324973204555,4.739742520215434,99.33914561992385,0
2023-01-09 05:00:00,55.19562927745625,4.5505328704317405,98.27824481288417,0
2023-01-09 06:00:00,54.559108674965074,4.778506904147233,96.56493297923898,0
2023-01-09 07:00:00,54.223273426707806,5.03722788791833,105.7054107887897,0
2023-01-09 08:00:00,55.662587027739825,5.06734104853039,107.63962686806701,0
2023-01-09 09:00:00,58.482892172858975,4.861691113871236,108.1859344895935,0
2023-01-09 10:00:00,58.87778125378832,5.070701171687722,100.35008100382815,0
2023-01-09 11:00:00,53.793316200764906,5.315147366561709,94.97513557116903,0
2023-01-09 12:00:00,45.900647777718184,5.2876932885713535,91.66767096025238,0
2023-01-09 13:00:00,43.65602550643794,5.018312639286695,105.58181814317042,0
2023-01-09 14:00:00,46.886539678412035,4.8238482119667685,112.29025640637776,0
2023-01-09 15:00:00,46.22951929248035,4.392548538505579,104.75488563405155,0
2023-01-09 16:00:00,51.478737068806424,4.886808660597482,98.5497346639346,0
2023-01-09 17:00:00,53.6263767658551,5.095828942311564,93.27803508520977,0
2023-01-09 18:00:00,51.98712174948073,4.826274858874461,96.13826041655253,0
2023-01-09 19:00:00,46.820073038948884,3.9613301805826353,102.75127834165609,0
2023-01-09 20:00:00,49.15544823598535,4.377990921852084,104.61440102872525,0
2023-01-09 21:00:00,46.9117368323843,4.610982962457616,95.76863384414267,0
2023-01-09 22:00:00,48.048018323007916,4.919555325395012,93.14320969324882,0
2023-01-09 23:00:00,48.644042539875166,4.781577206590488,96.62460442267309,0
2023-01-10 00:00:00,49.734837660142325,5.018445880271297,95.61805247666732,0
2023-01-10 01:00:00,48.77103047527669,4.62865445310415,104.71935328098633,0
2023-01-10 02:00:00,51.091861605679945,5.1889119593650275,109.48850066981781,0
2023-01-10 03:00:00,58.31989320048624,5.127239969513161,107.70509076567346,0
2023-01-10 04:00:00,57.76383549492659,5.191151836519989,94.92633471380486,0
2023-01-10 05:00:00,57.9167361149557,4.957260118373164,98.5407838069549,0
2023-01-10 06:00:00,52.66118440784188,5.2603596491686515,101.90965463393017,0
2023-01-10 07:00:00,53.71942748056773,5.3921328976598755,100.5903179730446,0
2023-01-10 08:00:00,53.5703812944558,5.425324400331466,100.73331266579909,0
2023-01-10 09:00:00,58.021372182892605,5.480270049061025,108.8193507198598,0
2023-01-10 10:00:00,54.762136759432494,5.339628261666734,110.15824209051735,0
2023-01-10 11:00:00,47.901071796834486,5.601809131026823,93.35719181092583,0
2023-01-10 12:00:00,48.17398148476156,6.2103626225234025,92.0858241505332,0
2023-01-10 13:00:00,47.468684799789465,6.299552835242487,96.04755211490196,0
2023-01-10 14:00:00,46.24025938550927,5.577671902668161,106.0610470717946,0
2023-01-10 15:00:00,43.994208404231166,4.829483008696845,94.192084567561,0
2023-01-10 16:00:00,42.92120530251243,5.66687652089574,95.8879162455543,0
2023-01-10 17:00:00,44.84599166245154,5.955895871686572,89.18550864778418,0
2023-01-10 18:00:00,48.5177176066084,5.933597959997192,100.19061747188834,0
2023-01-10 19:00:00,44.85705773493482,5.642309055703371,100.30138429803566,0
2023-01-10 20:00:00,39.92826163044015,5.6095192572069985,100.83718857974705,0
2023-01-10 21:00:00,40.66708655436434,5.090515034146898,91.82576552549149,0
2023-01-10 22:00:00,48.158863295972935,5.35407646548743,96.74979051229577,0
2023-01-10 23:00:00,47.7033570003994,5.516138690878448,102.26067204950809,0
2023-01-11 00:00:00,49.34998142985239,5.197165942079443,102.10071778213133,0
2023-01-11 01:00:00,50.20711662299912,4.75425953503665,110.03521341569555,0
2023-01-11 02:00:00,57.18377373993694,4.738507791350212,105.9168572673777,0
2023-01-11 03:00:00,56.065853439988246,4.684745478059106,105.8245661895457,0
2023-01-11 04:00:00,54.05199125364623,4.575867702167014,101.67168063455601,0
2023-01-11 05:00:00,52.60502525638355,4.711215105133268,105.39948923312842,0
2023-01-11 06:00:00,54.08235785225105,4.551936619461633,91.79367869262698,0
2023-01-11 07:00:00,58.062231159363456,5.033601802189205,88.51847495331562,0
2023-01-11 08:00:00,60.0682410501632,4.822054962595694,100.19798352647373,0
2023-01-11 09:00:00,60.13697515284386,5.953085233368416,96.07097162591342,0
2023-01-11 10:00:00,56.109861979680645,6.440982385735368,99.24953264930464,1
2023-01-11 11:00:00,58.887319102817855,6.135044664165728,94.5427547422581,0
2023-01-11 12:00:00,59.053777715661326,4.983583253872548,102.73021586560415,0
2023-01-11 13:00:00,51.825546180962924,5.4787300677755875,90.03115759376497,0
2023-01-11 14:00:00,42.9754525298848,5.667285952628231,91.72852414192751,0
2023-01-11 15:00:00,44.01145162009964,5.705869238579852,98.17558862564412,0
2023-01-11 16:00:00,46.2163561498606,5.798796397906902,105.14849538338946,0
2023-01-11 17:00:00,45.275994171976095,5.9042178342788985,89.0675711711562,0
2023-01-11 18:00:00,45.25666075766934,5.35349000821146,79.99014464738937,0
2023-01-11 19:00:00,45.81001325978031,5.426276339015499,90.36844073446147,0
2023-01-11 20:00:00,45.399912262003944,5.473151785488859,104.05633445737766,0
2023-01-11 21:00:00,39.352726249026404,5.482185574057897,107.06025803349588,0
2023-01-11 22:00:00,38.75055829760947,5.220418239554746,99.63642924071206,0
2023-01-11 23:00:00,41.93571792391471,5.3639691175123545,95.56261130711592,0
2023-01-12 00:00:00,48.14476244338688,5.052777335202107,98.95216153917727,0
2023-01-12 01:00:00,54.41592330377938,5.176540139180569,97.32484705633878,0
2023-01-12 02:00:00,54.95941713933698,4.992678822361191,92.34699391242552,0
2023-01-12 03:00:00,55.223969080930715,4.991685844080559,89.53325179399562,0
2023-01-12 04:00:00,53.204025342975356,5.200976221653362,96.03706141553818,0
2023-01-12 05:00:00,62.50512753900996,5.863023895808962,93.8991249476995,0
2023-01-12 06:00:00,60.4383640562048,6.2837087248809915,95.23431122279376,0
2023-01-12 07:00:00,59.75713144101553,5.84502073902312,90.91576065496136,0
2023-01-12 08:00:00,58.46572151129021,5.651365596032123,88.77066642382039,0
2023-01-12 09:00:00,57.705825994030604,5.968286996378258,86.88905647468992,0
2023-01-12 10:00:00,53.62947027465622,6.345522595922796,82.64872037353851,0
2023-01-12 11:00:00,54.59311107114869,6.741978345597764,87.09358396386733,0
2023-01-12 12:00:00,53.74873931759273,6.687102223490782,88.71637855779815,0
2023-01-12 13:00:00,50.10505776422402,6.5486746888148755,90.89557469292895,0
2023-01-12 14:00:00,48.07320427521026,6.077707267503976,91.81943350325518,0
2023-01-12 15:00:00,48.423333029950875,6.1263261086949745,90.7896897601392,0
2023-01-12 16:00:00,47.83749908131558,6.125113148784753,80.63227228421907,0
2023-01-12 17:00:00,52.08318053047407,6.360123692915616,87.30591230257671,0
2023-01-12 18:00:00,48.77233942881258,6.5408010066813596,94.4558077305247,0
2023-01-12 19:00:00,51.28523048264001,6.274605435605729,89.79732098651213,0
2023-01-12 20:00:00,47.15381835806041,5.692282877213433,83.6539689673795,0
2023-01-12 21:00:00,47.97884446719353,5.022547858519474,91.86847106632327,0
2023-01-12 22:00:00,47.09858167839608,5.369923873411881,93.30165273386375,0
2023-01-12 23:00:00,55.46634528913167,5.627729529706226,88.08669908273643,0
2023-01-13 00:00:00,55.72377896740457,5.4468239528721725,89.72514680447395,0
2023-01-13 01:00:00,55.638791004627386,5.238338707598616,98.46786698029487,0
2023-01-13 02:00:00,56.10151958445826,6.288808147992012,105.4972393714802,0
2023-01-13 03:00:00,56.85968531409471,6.72471629651205,99.91199972844461,0
2023-01-13 04:00:00,59.64553569691337,6.438758368540269,89.72967895848048,0
2023-01-13 05:00:00,64.17645899366411,6.112749527424121,78.67175171164169,0
2023-01-13 06:00:00,63.16578575476514,6.11609745327887,81.58130461182174,0
2023-01-13 07:00:00,61.7311460049009,6.36150348160207,86.59647898197478,0
2023-01-13 08:00:00,62.1609253108789,6.636677941885851,93.87041570130086,0
2023-01-13 09:00:00,64.02020897041845,6.845317612709268,95.36302892854562,0
2023-01-13 10:00:00,62.899487312300664,6.858243354590146,84.88005887171586,0
2023-01-13 11:00:00,56.98581698100988,6.294947771579764,87.80847275119596,0
2023-01-13 12:00:00,50.1245810522382,6.1496487962501964,86.90489870804635,1
2023-01-13 13:00:00,49.213520922181246,6.33972193362282,88.46943892807121,0
2023-01-13 14:00:00,54.266625015713146,6.712780298452416,79.60706622766864,0
2023-01-13 15:00:00,52.96489332213391,6.4330316495471145,92.70637371299684,0
2023-01-13 16:00:00,48.76357410154523,6.369651174440594,108.30844327227663,0
2023-01-13 17:00:00,49.617301877059546,6.441401790807667,110.8733955558708,0
2023-01-13 18:00:00,49.13040241819399,6.023538619382602,100.87897966937516,0
2023-01-13 19:00:00,49.16765215968103,6.077642757052265,89.4680990385725,0
2023-01-13 20:00:00,47.284000629177235,5.965759848294423,95.96031349028524,0
2023-01-13 21:00:00,48.13877804252991,5.841473199488493,94.84782025818824,0
2023-01-13 22:00:00,49.39066063450067,5.68829315789003,100.75576137189118,0
2023-01-13 23:00:00,54.13228072346042,5.9827483679652325,100.25526906228872,0
2023-01-14 00:00:00,57.30917942166895,6.109751962817843,102.09400152581517,0
2023-01-14 01:00:00,59.20403614833611,5.768398568965366,98.49246242530722,0
2023-01-14 02:00:00,59.30854895053021,5.182609364969825,103.03947905229701,0
2023-01-14 03:00:00,59.65241644587133,4.712354813799469,106.47578617069787,0
2023-01-14 04:00:00,57.767464203035246,4.635840712042419,102.48830122625334,0
2023-01-14 05:00:00,58.68616322127154,4.797683261475261,98.1005609186508,0
2023-01-14 06:00:00,57.716277948044365,4.940200126391428,88.1930434660574,0
2023-01-14 07:00:00,57.562601161258236,5.14266156068539,94.04569065076264,0
2023-01-14 08:00:00,57.339300567133556,5.488710362749529,101.70485324318808,0
2023-01-14 09:00:00,54.30561485700583,5.586372699135963,107.36034122612239,0
2023-01-14 10:00:00,56.418162718100554,5.623649986534234,111.192308297745,0
2023-01-14 11:00:00,53.809629813303665,5.743997941187248,109.34718231908792,0
2023-01-14 12:00:00,48.88185266110799,5.352182431987769,107.69432246231207,0
2023-01-14 13:00:00,44.418735906769264,4.866001305091985,95.67025266642499,0
2023-01-14 14:00:00,48.89227542140863,4.9321801862263746,93.89165650042999,0
2023-01-14 15:00:00,50.50715305837235,5.148787968259494,97.27201597655056,0
2023-01-14 16:00:00,47.78882343786168,5.217767349089036,108.12784054768474,0
2023-01-14 17:00:00,46.288236831234975,5.631929601123044,107.72366281548955,0
2023-01-14 18:00:00,42.037212202673,6.021170675879323,102.12680920263871,0
2023-01-14 19:00:00,41.164088646934495,5.542927903222053,92.3360132443951,0
2023-01-14 20:00:00,41.03105830103043,5.363294397244174,88.76014706226671,0
2023-01-14 21:00:00,46.30311477124447,5.421933212519207,94.46271940962657,0
2023-01-14 22:00:00,47.93458642005039,5.273752193904055,105.45205258074557,0
2023-01-14 23:00:00,47.990382010081525,4.688894971258779,108.7675267935989,0
2023-01-15 00:00:00,45.9701123653122,4.638291938128336,104.89382690970969,0
2023-01-15 01:00:00,50.071433942134114,4.674953013833366,102.38941694907527,0
2023-01-15 02:00:00,53.42499824431075,4.932630098372291,96.31946055502118,0
2023-01-15 03:00:00,52.87526034664998,5.060631015490268,97.66149335911594,0
2023-01-15 04:00:00,53.62845393627601,5.110936757088579,100.67811545800205,0
2023-01-15 05:00:00,57.234080910547426,4.949857265366211,106.58026267987475,0
2023-01-15 06:00:00,58.33700767407003,5.139413964174197,103.16782624704557,0
2023-01-15 07:00:00,55.35686624005288,5.595824815161514,90.31917600592169,0
2023-01-15 08:00:00,55.02509711797186,5.7063895986682365,91.24409251180448,0
2023-01-15 09:00:00,52.976341902639234,4.905283640427538,97.04332296642568,0
2023-01-15 10:00:00,48.464896212759136,4.8314266706751,99.93379144378414,0
2023-01-15 11:00:00,44.29615159344635,4.959720188386278,95.79949530762978,0
2023-01-15 12:00:00,45.63682428746964,5.310865701406468,96.95940716172825,0
2023-01-15 13:00:00,46.32811764448455,5.010683953466394,104.76722321501163,0
2023-01-15 14:00:00,48.74690522094683,4.946983540517495,106.87037704721033,0
2023-01-15 15:00:00,50.5853869829649,4.980752065400065,110.27032720785994,0
2023-01-15 16:00:00,48.16644837238203,5.64432943209205,96.4548381427264,0
2023-01-15 17:00:00,44.040259188067004,6.015262475548088,96.77855923094386,0
2023-01-15 18:00:00,40.94677666102059,5.055973056076808,98.99948711278745,0
2023-01-15 19:00:00,41.88581889089534,4.34107563469869,103.70411142451259,0
2023-01-15 20:00:00,42.20391469970553,4.590587408704121,100.20544698391863,0
2023-01-15 21:00:00,46.34829690968614,4.821918967860705,89.95099298156576,0
2023-01-15 22:00:00,46.14910892728362,4.854479822037546,87.90508236324044,0
2023-01-15 23:00:00,48.4614518540617,4.748590898031629,88.76838281098436,0
2023-01-16 00:00:00,53.319691926080914,5.006646051122628,93.31458711415314,0
2023-01-16 01:00:00,57.233093224091256,4.864736034899231,82.38908215799212,0
2023-01-16 02:00:00,57.26448388721499,4.605856615252945,90.83152839691408,0
2023-01-16 03:00:00,57.86812318283203,4.684108677091841,95.50824936554942,0
2023-01-16 04:00:00,59.80948998718268,4.826431365666087,106.72616457310082,0
2023-01-16 05:00:00,59.363843996089074,5.106733531157805,101.94970244217127,0
2023-01-16 06:00:00,58.849851125113844,4.645412668821714,92.55834867789545,0
2023-01-16 07:00:00,59.560151150194976,4.782995971833845,75.4350121904615,0
2023-01-16 08:00:00,57.09499009705668,4.92605674733825,85.39535556814371,0
2023-01-16 09:00:00,55.055718066894386,5.18551535381947,97.01420115949975,0
2023-01-16 10:00:00,54.30784896873579,5.6042355576957235,95.97634942396586,0
2023-01-16 11:00:00,57.301276269928714,5.603025348775804,89.96143411654272,0
2023-01-16 12:00:00,57.638575904634024,5.111411499290605,94.56676642838023,0
2023-01-16 13:00:00,59.78247694221362,5.1295323766214445,100.38248858122033,0
2023-01-16 14:00:00,54.33786112201398,5.713642372023368,106.61708836760232,0
2023-01-16 15:00:00,50.46453434921489,5.820324785282621,104.42600194288205,0
2023-01-16 16:00:00,46.00249253274865,5.6023722677404395,91.64637989040172,0
2023-01-16 17:00:00,52.9485236959086,5.644201556028731,82.19266706697121,0
2023-01-16 18:00:00,50.87988314161137,5.783744392236115,87.88058766235949,0
2023-01-16 19:00:00,47.15337667105223,5.776774930004902,91.86641379100095,0
2023-01-16 20:00:00,43.240355204099444,5.48434708580139,84.4102156574271,0
2023-01-16 21:00:00,43.06157953163433,5.522932927896924,82.72984542858333,0
2023-01-16 22:00:00,43.977879654244425,5.514223211659903,87.12608676683014,0
2023-01-16 23:00:00,46.14106954869012,5.899134212103123,92.03120483491493,0
2023-01-17 00:00:00,52.381291191361115,5.79245448703063,88.02302020585233,0
2023-01-17 01:00:00,54.761066982347344,6.329030591564363,87.88878591649927,0
2023-01-17 02:00:00,61.432579827387116,6.4554344468947615,81.53699331885605,0
2023-01-17 03:00:00,65.91180036133352,6.46462673040778,85.2234529558127,0
2023-01-17 04:00:00,65.43094146643222,5.813974452180506,95.43328275027237,0
2023-01-17 05:00:00,59.370549874193365,5.63105206742389,91.92141788648847,0
2023-01-17 06:00:00,59.7617277215051,5.560834826851003,79.20244112313617,0
2023-01-17 07:00:00,58.68084093922629,6.36475755179209,69.43388729714597,0
2023-01-17 08:00:00,61.75172262384665,6.790472649997428,75.03965463264306,0
2023-01-17 09:00:00,64.55806550228323,6.897874359923455,77.67089573868692,0
2023-01-17 10:00:00,65.2668867284808,6.471773250105216,80.53350711070048,0
2023-01-17 11:00:00,53.5266112552435,6.360573149281856,77.98369315467033,0
2023-01-17 12:00:00,51.70418230233511,6.195462018688647,73.03609202127208,0
2023-01-17 13:00:00,53.834527596693874,6.429651034887777,78.38407319444724,0
2023-01-17 14:00:00,58.912220661444735,6.877409460465135,81.74413625832585,0
2023-01-17 15:00:00,49.27210250402561,6.086804780315601,89.14448984620918,0
2023-01-17 16:00:00,44.69498924625649,5.67998469305398,88.74422379168054,1
2023-01-17 17:00:00,42.43836257689894,6.407155917963258,86.55276541494231,0
2023-01-17 18:00:00,48.90889757783952,7.099680892239722,80.61602012814289,0
2023-01-17 19:00:00,47.58026600507594,6.716993563380803,88.83190050596079,0
2023-01-17 20:00:00,49.31485608814737,6.102574885859794,103.60386033405253,0
2023-01-17 21:00:00,48.50022211305112,5.422064383097205,97.9497342600888,0
2023-01-17 22:00:00,49.004594357870936,5.547324263882882,89.78717703227271,0
2023-01-17 23:00:00,49.58955077129727,5.88583748722481,91.99211576442241,0
2023-01-18 00:00:00,55.05896592672639,5.97093108877907,93.79135518941342,0
2023-01-18 01:00:00,58.68160610479258,5.7355527458594215,89.519650618434,0
2023-01-18 02:00:00,57.803096353293,5.975705692059779,98.90612843980989,0
2023-01-18 03:00:00,52.52741301018182,5.818169815309551,100.25435244325936,0
2023-01-18 04:00:00,54.003070061361214,6.039388897997565,87.04613747463308,0
2023-01-18 05:00:00,59.95446933483062,5.846502315000326,87.78299479815898,0
2023-01-18 06:00:00,60.09397067944447,5.662764742939044,99.78478827007768,0
2023-01-18 07:00:00,59.506811356576776,5.455632522374081,101.800912595727,0
2023-01-18 08:00:00,59.25188625560518,5.762682716671715,99.4276316257633,0
2023-01-18 09:00:00,60.68244894333897,5.874463076743913,104.58260540877257,0
2023-01-18 10:00:00,54.70725209626353,5.935538418590065,97.77408403677715,0
2023-01-18 11:00:00,56.58356783728735,5.889649730781317,96.19051265635065,0
2023-01-18 12:00:00,57.42376801387192,5.762237846988024,102.36436692046095,0
2023-01-18 13:00:00,55.30963755993607,5.781619681317421,109.09956275957818,0
2023-01-18 14:00:00,49.77805906604966,5.496462660569449,103.98298079277826,0
2023-01-18 15:00:00,47.06922712304374,5.104868389810557,93.18461330091257,0
2023-01-18 16:00:00,49.63749006909817,4.670859353853622,93.91523466235537,0
2023-01-18 17:00:00,44.901030156023516,5.375309272563588,98.65849611182061,0
2023-01-18 18:00:00,43.447137639695995,5.518643694946359,104.58898856022044,0
2023-01-18 19:00:00,45.321791930827054,5.315594470069066,106.81662561231487,0
2023-01-18 20:00:00,45.65242906102163,4.504442437904322,104.89576913216219,0
2023-01-18 21:00:00,40.9963015236394,4.853723503762608,105.02364071219135,0
2023-01-18 22:00:00,36.0635815409544,5.069351741734095,93.96210420939369,0
2023-01-18 23:00:00,40.610481905122896,5.439777529712948,93.20398819774303,0
2023-01-19 00:00:00,46.70905111131996,5.2329085555552535,90.82287502117133,0
2023-01-19 01:00:00,56.52668562792922,4.979983120018854,98.95640363521966,0
2023-01-19 02:00:00,58.00666953444132,4.933057332808155,98.19571424524278,0
2023-01-19 03:00:00,61.39523422448688,4.999131838863406,96.33665792609088,0
2023-01-19 04:00:00,58.27041667714135,5.260153398550064,99.2439036204723,0
2023-01-19 05:00:00,53.10307889769204,5.422676909938822,103.3572041210835,0
2023-01-19 06:00:00,49.29597492160762,5.479954192375707,95.54416859112243,0
2023-01-19 07:00:00,54.78273973701282,5.3656084551084655,94.47620913405478,0
2023-01-19 08:00:00,58.25445228060631,5.784467771958416,107.7578539163414,0
2023-01-19 09:00:00,51.83792264869553,5.906736689913913,106.62354906745749,0
2023-01-19 10:00:00,49.159465461052754,5.407604442879561,98.96843492137197,0
2023-01-19 11:00:00,45.7337900524394,5.2883784089924015,95.82157459815708,0
2023-01-19 12:00:00,48.1836367628868,5.326944986880942,102.56893020157989,0
2023-01-19 13:00:00,47.863411232770595,5.2916472103115515,99.44894811866007,0
2023-01-19 14:00:00,47.29394571786534,5.238607423268814,101.58109588499028,0
2023-01-19 15:00:00,42.522962735922725,5.8384441661750435,95.34171383490607,0
2023-01-19 16:00:00,39.47318960571986,5.935369623844246,91.7365545344106,0
2023-01-19 17:00:00,39.987820265354266,5.613698377845651,90.39919497503016,0
2023-01-19 18:00:00,43.14404681449601,5.564848846674364,92.64484293706624,0
2023-01-19 19:00:00,43.769313322619965,5.564659947709554,94.21110684530434,0
2023-01-19 20:00:00,44.43504463028017,5.744275531620048,94.2433845879949,0
2023-01-19 21:00:00,43.82557111101415,5.7421485224728315,96.38238748170674,0
2023-01-19 22:00:00,45.39661565697283,5.2473235590334,104.8237286082252,0
2023-01-19 23:00:00,45.621368242041555,4.7802561253720075,104.87484748023736,0
2023-01-20 00:00:00,46.893434784096186,4.929516019691069,100.63708936043895,0
2023-01-20 01:00:00,48.21287923708561,5.4134642170678955,98.97628797448013,0
2023-01-20 02:00:00,46.884430686063375,5.376083589645817,106.03605377447411,0
2023-01-20 03:00:00,54.94031683839201,5.342578987900058,102.90783522739902,0
2023-01-20 04:00:00,60.3363714262609,4.88127784274524,102.156537798296,0
2023-01-20 05:00:00,60.46775379384569,4.789796390872094,103.65907594415711,0
2023-01-20 06:00:00,55.80975152543821,4.685292408923316,99.02575197836356,0
2023-01-20 07:00:00,56.37634154366158,4.764545849940548,96.66062675734383,0
2023-01-20 08:00:00,55.5992538489001,4.989122161436595,103.22831678953361,0
2023-01-20 09:00:00,54.38691492616433,5.804764360104927,105.47096399336272,0
2023-01-20 10:00:00,56.16765985929187,6.168413916572513,97.94296235420612,0
2023-01-20 11:00:00,54.414194767347546,5.638935954331259,98.66590338328031,0
2023-01-20 12:00:00,48.9501162770648,5.2037561671524015,102.43832131469175,0
2023-01-20 13:00:00,46.10694065116475,5.646819266205684,102.97706877479501,0
2023-01-20 14:00:00,42.059219689239825,5.911758186211369,111.99559611837009,0
2023-01-20 15:00:00,36.61448022772205,5.577582694620804,114.13096391096573,0
2023-01-20 16:00:00,38.58887798574671,5.302193119354715,97.10487823779623,0
2023-01-20 17:00:00,48.173406687384436,5.301983640719939,85.77698433837803,0
2023-01-20 18:00:00,49.41924380824134,5.291253018386088,97.51899306930613,0
2023-01-20 19:00:00,45.807947562080216,5.173436071860316,104.44366930716824,0
2023-01-20 20:00:00,43.40696089262348,5.205628335534051,108.7456538629858,0
2023-01-20 21:00:00,51.43977837157568,4.860716262538578,100.11886963561004,0
2023-01-20 22:00:00,56.3330607583791,4.764195620978169,100.48989392022953,0
2023-01-20 23:00:00,56.284092881592066,5.0185540989477015,94.39301115285767,0
2023-01-21 00:00:00,49.24867659762209,5.12702205925646,104.76224159376916,0
2023-01-21 01:00:00,45.280030722641165,5.383194483086949,111.875833626237,0
2023-01-21 02:00:00,48.482696373460314,5.231663871850467,111.70494089095419,0
2023-01-21 03:00:00,52.40339035057572,5.116781415931606,98.60091593746355,0
2023-01-21 04:00:00,52.77262904945342,5.010256622761322,99.02733708270718,0
2023-01-21 05:00:00,50.9313933658508,5.064560656085446,104.77255812680083,0
2023-01-21 06:00:00,50.621312196854575,4.638161665624559,101.21761783258226,0
2023-01-21 07:00:00,56.441149455036985,4.128566864729891,97.18991985271737,0
2023-01-21 08:00:00,60.000704208043686,4.934382154807786,94.51794446940846,0
2023-01-21 09:00:00,59.832947710367144,5.339826819308739,93.99727105406453,0
2023-01-21 10:00:00,56.54244196769603,6.092040304781909,91.9145765987887,0
2023-01-21 11:00:00,55.29663660442082,5.881397693045272,94.76123019628382,0
2023-01-21 12:00:00,50.153234504398895,5.877319558153927,102.21558177963497,0
2023-01-21 13:00:00,47.8669603449231,5.619478910269464,101.62634001453513,0
2023-01-21 14:00:00,50.65908213325855,6.263465272202281,101.37310420705627,0
2023-01-21 15:00:00,48.32331763881386,6.539194038668728,96.99973478229664,0
2023-01-21 16:00:00,42.277128988148725,6.425111560941134,102.59411170884725,0
2023-01-21 17:00:00,39.60389872164872,6.142156899493648,101.15938016573237,0
2023-01-21 18:00:00,37.67587131954848,5.712178701048407,104.11409057201237,0
2023-01-21 19:00:00,38.45344182375063,5.5878773957158625,106.09321618529484,0
2023-01-21 20:00:00,47.62853121994382,5.283132701393292,106.74111337464542,0
2023-01-21 21:00:00,48.63817213168336,4.915489603569717,105.67416951252821,0
2023-01-21 22:00:00,46.92303209648473,4.695862664096532,97.83283832503882,0
2023-01-21 23:00:00,45.63549673284582,4.856556937012227,91.0796927026215,0
2023-01-22 00:00:00,49.85962663773712,4.918063973036004,86.34640889951001,0
2023-01-22 01:00:00,49.22539169027959,5.0520660768000685,102.20335606968791,0
2023-01-22 02:00:00,50.91414054107152,5.286409201336902,117.63651459902037,0
2023-01-22 03:00:00,53.68760199354988,5.334479701929783,111.36603966032335,0
2023-01-22 04:00:00,54.56595628296853,5.551037293344086,87.51894075097248,0
2023-01-22 05:00:00,56.67732641118697,5.383507849116211,87.5282609459062,0
2023-01-22 06:00:00,57.287205769613244,5.186874737618428,100.83944516950093,0
2023-01-22 07:00:00,58.906419311946244,5.135509505462941,105.06339439548108,0
2023-01-22 08:00:00,55.30314308245874,5.229643873843,99.23225723977455,0
2023-01-22 09:00:00,52.22250745696264,5.357073632304603,94.85208518659027,0
2023-01-22 10:00:00,53.02708263914192,5.433859492730176,94.33769488919306,0
2023-01-22 11:00:00,55.86914472546437,6.1144156256618825,99.57168837963512,0
2023-01-22 12:00:00,52.70912802787601,6.371551775895743,91.24816401693435,0
2023-01-22 13:00:00,48.491738363158376,6.122814458265795,83.32462688202355,0
2023-01-22 14:00:00,49.05055505046348,5.905157487634486,80.19099833435969,0
2023-01-22 15:00:00,46.29115745189227,6.235738126774993,87.69037695180688,0
2023-01-22 16:00:00,44.343034679750104,6.585592632982151,103.11761518306595,0
2023-01-22 17:00:00,42.464544966697936,6.253874736457223,110.95787339520402,0
2023-01-22 18:00:00,47.464842092289224,5.7195960529458745,103.79576774640105,0
2023-01-22 19:00:00,46.29451386320888,5.273862578568611,94.00080079792671,0
2023-01-22 20:00:00,44.70354078240651,5.293105381121306,99.15215250131457,0
2023-01-22 21:00:00,39.19501059356443,6.036919807791376,100.44986658491615,0
2023-01-22 22:00:00,42.898146765836856,6.672020511395004,94.85535209433837,0
2023-01-22 23:00:00,50.37492807955934,6.193805688562928,103.47450382003667,0
2023-01-23 00:00:00,52.89213772360009,5.108872046992433,98.751808507033,0
2023-01-23 01:00:00,54.94655465574052,4.831887508569056,94.79588102982838,0
2023-01-23 02:00:00,54.49103863930399,4.83656751753726,83.4834356716979,0
2023-01-23 03:00:00,57.24146614132609,5.063598962607824,92.51996012515285,0
2023-01-23 04:00:00,54.885439131816426,5.061836746013743,89.48808987456721,0
2023-01-23 05:00:00,57.18248900429905,5.402024439839611,88.85185302239336,0
2023-01-23 06:00:00,58.004242936826216,4.951983011101776,82.40961533574632,0
2023-01-23 07:00:00,59.60584815870392,5.275667788614128,88.37086724798931,0
2023-01-23 08:00:00,57.51366806739496,5.616756533807841,97.61322554934218,0
2023-01-23 09:00:00,58.79099341112687,5.743127657092983,92.49681962360879,0
2023-01-23 10:00:00,58.837575723594576,4.96081978790583,85.26915561774307,0
2023-01-23 11:00:00,58.789330662639614,5.0292535965878145,81.355377734043,0
2023-01-23 12:00:00,53.651644642836565,5.936997539685375,79.53982430601118,0
2023-01-23 13:00:00,52.55552647570729,7.060713193087295,74.61383237362965,0
2023-01-23 14:00:00,53.96303790373478,6.77882797465354,75.57831984935939,0
2023-01-23 15:00:00,50.72750559487269,6.030309180340155,93.04115448177689,0
2023-01-23 16:00:00,44.072878519234614,5.784478649716176,100.52043106585089,0
2023-01-23 17:00:00,43.30872756305022,5.975801595620783,91.3206028076927,0
2023-01-23 18:00:00,49.32698123542901,5.959899730094786,73.21108033105018,0
2023-01-23 19:00:00,50.7466738525284,5.817741130776642,77.85700394325725,0
2023-01-23 20:00:00,49.43027735679263,6.233292008983374,97.56255503052945,0
2023-01-23 21:00:00,48.487860001593134,5.663594385473811,101.70661620070392,0
2023-01-23 22:00:00,48.002714891193946,5.204000515188002,84.41058019325327,1
2023-01-23 23:00:00,54.22613085715122,5.0521922624620395,82.45692583453143,0
2023-01-24 00:00:00,59.010779527289465,5.7425395719461045,91.66587271620716,0
2023-01-24 01:00:00,60.400081267320424,5.731367682907979,92.70696884299726,0
2023-01-24 02:00:00,58.30067803850005,5.789460183495538,85.8745270623226,0
2023-01-24 03:00:00,57.90314782513399,6.066228859352674,77.63066398877228,0
2023-01-24 04:00:00,57.20863183985716,5.943961462776093,78.3769870372683,0
2023-01-24 05:00:00,59.68418625876067,6.0658380577608915,82.40188457841728,0
2023-01-24 06:00:00,60.202615946425304,5.865358049524754,101.62769847318957,0
2023-01-24 07:00:00,59.19257372956273,6.012005541518192,95.28133597748307,0
2023-01-24 08:00:00,62.18696883589565,5.796309353518941,93.25336838179716,0
2023-01-24 09:00:00,64.83524725611176,5.3431109500445135,86.99555365197261,0
2023-01-24 10:00:00,60.29753482725802,5.346492083896509,94.61880745807419,0
2023-01-24 11:00:00,55.98707081585952,5.9085061508958425,90.84493440991237,0
2023-01-24 12:00:00,54.30505273780013,6.3325600312516945,92.99699495257833,0
2023-01-24 13:00:00,48.06913521734205,5.878547874878388,88.35235406137124,0
2023-01-24 14:00:00,40.49242255838208,5.945306087789901,94.58169953244345,0
2023-01-24 15:00:00,37.36802780715256,5.690354410273069,101.32609551158936,0
2023-01-24 16:00:00,38.823744073492634,5.226544826498376,105.25512600534957,0
2023-01-24 17:00:00,39.457412712030155,5.3369724940009675,103.39804417291006,0
2023-01-24 18:00:00,45.8550036914999,5.293989737571721,92.96693970150517,0
2023-01-24 19:00:00,48.221851343987964,5.08213839284878,92.05520457375059,0
2023-01-24 20:00:00,47.133092583527294,4.519681857009327,91.57275046770934,0
2023-01-24 21:00:00,46.54849807871992,4.79914120303316,111.24343422704746,0
2023-01-24 22:00:00,43.722441266324374,4.79605142276987,108.31263911553056,0
2023-01-24 23:00:00,43.8627157242564,4.630893100776388,109.13272451887127,0
2023-01-25 00:00:00,48.3569047326534,4.725998056915435,103.84277873537684,0
2023-01-25 01:00:00,51.965273105533804,4.840891584870829,109.56072124325391,0
2023-01-25 02:00:00,53.08422667298248,4.830466016696439,108.26162989623153,0
2023-01-25 03:00:00,55.6979125970294,4.616662773273285,108.02150007168892,0
2023-01-25 04:00:00,58.747942394365936,5.348245622529656,107.12365431050237,0
2023-01-25 05:00:00,56.12444658091155,5.428175956606807,99.74030107129941,0
2023-01-25 06:00:00,61.61125918605049,5.024240789183244,102.24519932601366,0
2023-01-25 07:00:00,63.90676059080676,5.080227246683891,109.02909549192776,0
2023-01-25 08:00:00,60.808317448878654,5.640341258819847,109.38070019264009,0
2023-01-25 09:00:00,54.69380511219866,5.8045725947851565,98.13608369210138,0
2023-01-25 10:00:00,51.31406394027852,5.39729205094417,92.2618228125281,0
2023-01-25 11:00:00,50.93527608309697,5.139792176371264,92.45745746769919,0
2023-01-25 12:00:00,49.12547862213784,5.320804355811431,94.15379050752354,0
2023-01-25 13:00:00,47.85610215313452,5.483386350321672,101.20074747290857,0
2023-01-25 14:00:00,43.58076798933941,4.7953366805851685,103.8701750677832,0
2023-01-25 15:00:00,45.55733229220377,4.629923454864899,100.85049927797577,0
2023-01-25 16:00:00,44.325714102936075,5.395063637872132,96.87146112085279,0
2023-01-25 17:00:00,46.69475955978821,5.663163825026816,104.30100557439283,0
2023-01-25 18:00:00,44.84864007078704,4.760488689071554,95.51212632028691,0
2023-01-25 19:00:00,43.76128583929228,4.452362288836436,89.2302175907664,0
2023-01-25 20:00:00,40.667479322992115,5.332691298618527,88.87583780222997,0
2023-01-25 21:00:00,41.821596187442665,5.707025523313127,102.63930072219414,0
2023-01-25 22:00:00,44.86902797462406,5.2475140846171895,106.07256947919713,0
2023-01-25 23:00:00,50.64320759044031,4.657143209298203,94.4466750810741,0
2023-01-26 00:00:00,50.801507837870524,5.064117524865997,91.38009060265719,0
2023-01-26 01:00:00,52.10361548479474,5.251752456627014,94.94719638929452,0
2023-01-26 02:00:00,57.081291488319394,5.065806719256006,97.57408726401694,0
2023-01-26 03:00:00,60.99287535923412,4.763531368334418,89.3555011521915,0
2023-01-26 04:00:00,62.9049512353328,4.774659034455083,91.1655769340718,0
2023-01-26 05:00:00,60.77098747145107,4.748749719142903,94.18431444783909,0
2023-01-26 06:00:00,57.43468463472509,5.1652104456932335,85.26998384557041,0
2023-01-26 07:00:00,48.95872114291659,5.781809605146192,86.64976783300203,0
2023-01-26 08:00:00,53.22818922644606,5.907079319230163,98.43311001002492,0
2023-01-26 09:00:00,58.13096558908773,5.713454440566396,111.97290296587936,0
2023-01-26 10:00:00,58.84331728798288,5.385224599167722,101.82386073328874,0
2023-01-26 11:00:00,54.26630911964378,5.643027511034838,91.77713481521558,0
2023-01-26 12:00:00,48.682300848189286,5.855309044819844,91.14102036547348,0
2023-01-26 13:00:00,51.94811271585835,5.8848900251167375,99.33949942717246,0
2023-01-26 14:00:00,52.172847011558616,6.191888016279042,103.6416132427521,0
2023-01-26 15:00:00,52.04137387867157,6.555845896928446,98.58361917207206,0
2023-01-26 16:00:00,45.977169041664474,6.2757538244967614,96.33876390333532,0
2023-01-26 17:00:00,47.385683112433284,5.567079184940047,94.72851327631125,0
2023-01-26 18:00:00,47.91089695601783,5.796592005900744,101.91399343884135,0
2023-01-26 19:00:00,45.036172434372546,5.931346445972127,101.14910852845814,0
2023-01-26 20:00:00,44.77168724614673,5.309810595125585,102.59218123566231,0
2023-01-26 21:00:00,49.86490562105531,5.136355750064336,97.16017936506549,0
2023-01-26 22:00:00,56.52573326786155,5.167949107418787,101.8080307245904,0
2023-01-26 23:00:00,60.16859064506356,5.95150450149612,101.763692223329,0
2023-01-27 00:00:00,58.46926535657037,6.21707893783039,92.77737949304485,0
2023-01-27 01:00:00,54.29984026685356,6.1269558930860235,90.38308173999351,0
2023-01-27 02:00:00,52.183193128153704,5.854455680733537,98.90377381529153,0
2023-01-27 03:00:00,55.793047362140406,5.826272376528654,101.42627098796919,0
2023-01-27 04:00:00,62.536138828222235,6.034693800461796,90.01221803628225,0
2023-01-27 05:00:00,59.44094361460274,5.902535806160505,86.41413651861355,0
2023-01-27 06:00:00,60.57189855827476,5.832860164197945,91.85205150614802,0
2023-01-27 07:00:00,60.31265836039246,5.567457771876578,94.03855953593332,0
2023-01-27 08:00:00,62.772905997875064,6.061911209854116,92.19221064791176,0
2023-01-27 09:00:00,56.31144315430431,6.468494826532587,95.03047528133965,0
2023-01-27 10:00:00,50.82710174916561,6.411901868643696,100.6358272460196,0
2023-01-27 11:00:00,51.11408832660127,6.046110892850047,99.79594715737012,0
2023-01-27 12:00:00,54.133992991271,6.163101793165737,95.84127110074861,0
2023-01-27 13:00:00,52.956664309509435,6.744948494977968,88.1364349833663,0
2023-01-27 14:00:00,44.44241163139604,6.78649390312251,85.12348898594979,0
2023-01-27 15:00:00,42.2046675094792,6.495529814219371,91.13007624089718,0
2023-01-27 16:00:00,49.04990514280324,6.492077410793532,99.39244265887767,0
2023-01-27 17:00:00,52.460147676340924,6.750316524179487,91.00161005031431,0
2023-01-27 18:00:00,48.00044076636458,6.583044398193011,80.20436502090584,0
2023-01-27 19:00:00,43.51447644287958,5.989537973547079,75.88915632860287,0
2023-01-27 20:00:00,47.440448438349264,5.941804754324826,77.86324408500862,0
2023-01-27 21:00:00,45.46869843818023,5.7738437366945465,81.54937368805575,0
2023-01-27 22:00:00,45.05419923880884,6.2339305520967905,79.00794779201073,0
2023-01-27 23:00:00,48.0313529239268,6.545109872630024,77.34417724542776,0
2023-01-28 00:00:00,56.85937700040043,7.312225097238369,84.06724869456683,0
2023-01-28 01:00:00,59.30070460271867,6.727752274087286,92.86191986154697,0
2023-01-28 02:00:00,64.44345763567075,6.204613931265029,95.93104277232085,1
2023-01-28 03:00:00,64.4811283900998,5.854230255795652,94.06622913238917,0
2023-01-28 04:00:00,59.68077542469644,6.233170905820622,97.05933127530982,0
2023-01-28 05:00:00,62.719281445638465,6.039725180595887,89.04277909136127,0
2023-01-28 06:00:00,66.99448243324031,5.828612469508553,93.12229414508,0
2023-01-28 07:00:00,67.02204384245287,5.977789059161509,85.21430469722516,0
2023-01-28 08:00:00,59.13410566190769,6.447275604717913,92.08040126057979,0
2023-01-28 09:00:00,58.65539918321548,6.508317672078183,90.98403246317147,0
2023-01-28 10:00:00,57.271917396778804,6.373444566139399,99.87675415682673,0
2023-01-28 11:00:00,54.76464517073907,6.50961375689862,91.00638005022614,0
2023-01-28 12:00:00,50.596193319051295,6.671457217913242,85.26785384069868,0
2023-01-28 13:00:00,48.84589452901894,5.799949069911573,88.50552136132299,0
2023-01-28 14:00:00,47.13663575610467,5.149606631049065,89.73881369744508,0
2023-01-28 15:00:00,44.84547850424619,5.6033129158621025,93.02429054092758,0
2023-01-28 16:00:00,43.5336844046681,6.077416650721171,85.36896643323763,0
2023-01-28 17:00:00,42.846831104994884,5.878716092115135,94.23950639672007,0
2023-01-28 18:00:00,47.90170430913309,5.216171028208148,89.37653518730897,0
2023-01-28 19:00:00,42.565164312131174,5.159184213667032,96.1509767697629,0
2023-01-28 20:00:00,42.229752627527404,5.304403082448936,99.8055107438061,0
2023-01-28 21:00:00,45.85386601442015,5.426424570127966,103.50686585508419,0
2023-01-28 22:00:00,49.284839346932515,5.1938188838394845,99.54827655670766,0
2023-01-28 23:00:00,44.26673294085373,4.855407892854414,100.80795544837258,0
2023-01-29 00:00:00,44.62716628152646,4.6797234521979165,102.68903703056854,0
2023-01-29 01:00:00,49.18950987298099,5.080827138961824,97.04611575894289,0
2023-01-29 02:00:00,48.609972202502256,5.195622297799009,87.27748699265362,0
2023-01-29 03:00:00,48.17031474833073,5.30704266056955,91.57083546312013,0
2023-01-29 04:00:00,55.33845180916502,5.449374779609328,90.32936985709414,0
2023-01-29 05:00:00,61.14068439459209,5.883964199833152,94.31507349480793,0
2023-01-29 06:00:00,65.1596925605455,5.393569921387078,91.44110732664201,0
2023-01-29 07:00:00,62.573435646050456,5.148066992941518,101.87045271560322,0
2023-01-29 08:00:00,57.50363542041708,5.284819266838894,101.46283516405632,0
2023-01-29 09:00:00,51.75844920007178,5.35151831634416,100.27395150903939,0
2023-01-29 10:00:00,51.619061434779454,5.335918228119061,99.69018071723897,0
2023-01-29 11:00:00,50.27859769785286,5.174928679178526,103.45736513320375,0
2023-01-29 12:00:00,49.17323018540638,5.460172083528458,105.04831560931787,0
2023-01-29 13:00:00,47.38595342084941,5.459829060437164,104.6872629836181,0
2023-01-29 14:00:00,46.74976245821891,5.705833045202136,96.00066736766263,0
2023-01-29 15:00:00,44.13104244423566,5.5277477530869135,92.83539385035604,0
2023-01-29 16:00:00,45.564917300674004,5.473876100121549,97.97118432387519,0
2023-01-29 17:00:00,44.32563385973657,5.628852046886822,102.10786008322525,0
2023-01-29 18:00:00,45.04991091185758,5.295578603856461,95.41197945410453,0
2023-01-29 19:00:00,43.52248663954498,5.30849009051337,93.83666930096904,0
2023-01-29 20:00:00,44.85768890795736,4.775969600784323,97.97205345333218,0
2023-01-29 21:00:00,45.84083168791831,4.85847041119038,99.69892512006814,0
2023-01-29 22:00:00,48.86246731602257,5.271390767417185,104.818360322169,0
2023-01-29 23:00:00,49.18092866126206,5.3582205267922305,112.84939137085824,0
2023-01-30 00:00:00,47.691974928856645,4.516564097184145,106.16244153923793,0
2023-01-30 01:00:00,51.64070383138162,4.068382350855961,98.26671778330505,0
2023-01-30 02:00:00,52.78686049561831,4.407776336393723,102.04543106677751,0
2023-01-30 03:00:00,58.521282482821164,5.434054418921077,102.13367878987593,0
2023-01-30 04:00:00,60.63944223252487,5.676344944186758,98.74877252085925,1
2023-01-30 05:00:00,61.1818481593504,5.4645218375638,103.48590422102932,0
2023-01-30 06:00:00,54.912768672952815,4.694681704351133,114.37163967347529,0
2023-01-30 07:00:00,49.35006937452529,5.082364855602945,107.62694431191888,0
2023-01-30 08:00:00,52.33752609564216,5.037025483764596,103.7698983704428,0
2023-01-30 09:00:00,52.287908194272184,5.078850216162208,102.74118063478626,0
2023-01-30 10:00:00,56.944414575516724,5.586992774011091,101.12655187423886,0
2023-01-30 11:00:00,50.57490805943711,5.820752146429637,95.77570149830156,0
2023-01-30 12:00:00,52.557000812272896,5.304880099042962,102.61763300510168,0
2023-01-30 13:00:00,49.45031082480607,5.1318865814893435,100.91983081148864,0
2023-01-30 14:00:00,51.731672383927396,5.405229898060124,105.4352800955588,0
2023-01-30 15:00:00,44.591898061406724,4.985656710876796,106.44577550071314,0
2023-01-30 16:00:00,44.58392843999213,4.835709283277105,102.89628620125673,0
2023-01-30 17:00:00,44.39437133815959,5.161598967800911,92.5872054479723,0
2023-01-30 18:00:00,47.18697912593241,5.269245234398122,83.09966698598289,0
2023-01-30 19:00:00,48.23805287920069,4.9490595648845,88.24737417789001,0
2023-01-30 20:00:00,49.64894081709539,5.011244627051959,94.46160262013257,0
2023-01-30 21:00:00,47.83774583641409,5.284843605789337,101.52084154403168,0
2023-01-30 22:00:00,48.07038232404365,4.947931238236012,94.77028816451651,0
2023-01-30 23:00:00,51.13103171346316,5.085839507415908,101.55089939585594,0
2023-01-31 00:00:00,51.40966844886579,5.316772203754916,104.53345229594338,0
2023-01-31 01:00:00,48.565103703046695,5.785474476699008,94.50598861688947,0
2023-01-31 02:00:00,50.833944533257714,5.76092018496765,88.02118894033565,0
2023-01-31 03:00:00,57.96924061897632,5.4834446168142685,101.81782839759626,0
2023-01-31 04:00:00,60.13464400039757,5.548500107398921,106.48236637280945,0
2023-01-31 05:00:00,58.515506866170625,5.41963257931015,100.8766510731813,0
2023-01-31 06:00:00,60.152462013950306,5.684444164559755,100.34484508780325,0
2023-01-31 07:00:00,60.77261524693828,5.764273557706087,97.53878774633,0
2023-01-31 08:00:00,57.40176768514273,6.590831274517038,89.4753977008973,0
2023-01-31 09:00:00,56.06278919071025,6.638502427528752,91.01391387212482,0
2023-01-31 10:00:00,54.22464430107586,6.373343618459738,103.84299102597909,0
2023-01-31 11:00:00,54.7145991935527,6.0614550570876915,106.71775500780576,0
2023-01-31 12:00:00,49.29634730381792,6.123264409010478,92.49123411852072,0
2023-01-31 13:00:00,50.58799153688679,6.433864233767305,93.63996819545278,0
2023-01-31 14:00:00,51.20335550686859,6.193637056963183,94.4323989158549,0
2023-01-31 15:00:00,53.04821075507888,5.941056981207715,94.55012571340795,0
2023-01-31 16:00:00,50.17493366090177,5.635975820759627,84.82464004136465,0
2023-01-31 17:00:00,52.24495687249677,6.208826232143333,97.5638674218741,0
2023-01-31 18:00:00,55.39723679598266,6.663623502854156,103.00862238056743,0
2023-01-31 19:00:00,50.002259280247024,6.626968042476295,98.88902811875515,0
2023-01-31 20:00:00,43.633319173878135,6.078302338635304,90.60460854207865,0
2023-01-31 21:00:00,42.397579867232174,5.798585492434829,88.00369739534383,0
2023-01-31 22:00:00,48.61556262243293,6.190008719041399,90.30517984187664,0
2023-01-31 23:00:00,54.41940043783897,6.031309282920252,78.24755714398437,0
2023-02-01 00:00:00,55.86556140205805,5.892386822874848,73.13454827331431,0
2023-02-01 01:00:00,56.9858689914017,5.981430070628767,76.25482587530584,0
2023-02-01 02:00:00,56.521263460904045,6.471572648294508,83.84782143538719,0
2023-02-01 03:00:00,58.55260908930076,6.396411522205848,82.59532654986752,0
2023-02-01 04:00:00,57.121985105871765,6.62819939247854,79.33936401693566,0
2023-02-01 05:00:00,55.50108203816947,5.4738687742740515,96.71079137775274,0
2023-02-01 06:00:00,53.82735516238903,5.085105454323192,106.5583565233403,1
2023-02-01 07:00:00,54.26113218853789,5.517353363803418,102.54830431336566,0
2023-02-01 08:00:00,59.83577387947918,6.299716355999568,85.69580792022113,0
2023-02-01 09:00:00,58.54770596638402,6.005081068434252,83.03084329150263,0
2023-02-01 10:00:00,62.187610427839275,6.3799372600902045,83.16319651481561,0
2023-02-01 11:00:00,60.818176071420936,6.76018348005994,84.84017215699684,0
2023-02-01 12:00:00,60.982477122865085,6.605614607920004,86.29315300861649,0
2023-02-01 13:00:00,50.639176018328975,6.688036684719382,85.07851066119667,0
2023-02-01 14:00:00,50.02797098507712,6.955108694907258,86.19266194415289,0
2023-02-01 15:00:00,47.22728626587232,6.988125304388401,96.46596479950823,0
2023-02-01 16:00:00,46.19052503314955,6.847471540651113,95.40713498190026,0
2023-02-01 17:00:00,49.34449637986406,6.556949869159531,94.96339771330742,0
2023-02-01 18:00:00,51.82685414778337,5.576785984356926,94.27244814978532,0
2023-02-01 19:00:00,51.754152023973,5.042625508114281,95.83698100033119,0
2023-02-01 20:00:00,46.07831822767565,4.713134486643163,95.30911916583946,0
2023-02-01 21:00:00,45.632503973660334,5.506547572461259,101.42981325395603,0
2023-02-01 22:00:00,48.914000683930425,5.607979626135803,104.11541848778113,0
2023-02-01 23:00:00,51.761257529331644,5.607246794505634,100.15903827125402,0
2023-02-02 00:00:00,55.440636467146234,5.072524072014735,97.79817734845197,0
2023-02-02 01:00:00,56.579505903576546,5.156647587577324,96.46139219099919,0
2023-02-02 02:00:00,57.33802222792779,5.455556622792173,95.82177434872861,0
2023-02-02 03:00:00,54.49071731600455,5.374887246852929,95.44692966529446,0
2023-02-02 04:00:00,57.67160489187347,5.153638639690984,89.50330747905565,0
2023-02-02 05:00:00,61.66223077471781,4.75392680104428,88.13900693158514,0
2023-02-02 06:00:00,56.92368758961508,4.53917337342669,90.99453551716803,0
2023-02-02 07:00:00,52.022756728595425,4.508658729432339,98.79540960113562,0
2023-02-02 08:00:00,51.26009363463831,4.969861321499977,99.51441949402495,0
2023-02-02 09:00:00,53.188369785737464,5.367268844075875,99.91986974916075,0
2023-02-02 10:00:00,53.31984574214391,5.32545397995199,101.18494042329928,0
2023-02-02 11:00:00,53.063991240221455,4.997007036353731,107.3878404730271,0
2023-02-02 12:00:00,48.77849257030501,5.04694046494377,105.63143690907397,0
2023-02-02 13:00:00,45.289662803425855,4.875697747866245,97.37529007470555,0
2023-02-02 14:00:00,44.99837973404446,5.347896695794075,88.10376062195506,0
2023-02-02 15:00:00,48.062557099896715,5.592756061865154,90.6694804587605,0
2023-02-02 16:00:00,48.108422186192975,5.548572081820071,94.71366610123458,0
2023-02-02 17:00:00,48.42527079040568,5.14240987985681,96.86543668067543,0
2023-02-02 18:00:00,47.364422347095285,4.982381120742403,91.56956687866692,0
2023-02-02 19:00:00,45.4788638437723,4.96456112007451,88.57943091132772,0
2023-02-02 20:00:00,40.53058429059975,5.235100329849219,92.51109759758639,0
2023-02-02 21:00:00,41.15012898901032,5.020188272004449,102.56799219893861,0
2023-02-02 22:00:00,45.00987885073876,4.660174547047807,102.17960830417314,0
2023-02-02 23:00:00,50.98766696653225,4.423427392831873,98.6514943210039,0
2023-02-03 00:00:00,49.042807352864116,5.1108135728834405,92.68394906899789,0
2023-02-03 01:00:00,46.87985223325094,5.230527522142977,94.88257682726191,0
2023-02-03 02:00:00,50.127017297785144,5.008759754205744,93.65518095209612,0
2023-02-03 03:00:00,55.620479741100205,4.888522526977447,102.27793701185018,0
2023-02-03 04:00:00,59.04322797827402,4.736587585392499,97.7197698818895,0
2023-02-03 05:00:00,57.175640821716655,5.078253532655813,94.554959968591,0
2023-02-03 06:00:00,57.027149790076685,4.957420530124486,94.37316988170176,0
2023-02-03 07:00:00,58.17990580403045,5.633521939030274,100.91505614090508,0
2023-02-03 08:00:00,57.56279015192384,5.738423907549023,111.60941489029615,0
2023-02-03 09:00:00,55.16611634316958,5.707122278577136,112.67002811960204,0
2023-02-03 10:00:00,51.1805149462079,5.039909289303695,106.41164024132345,0
2023-02-03 11:00:00,49.966036217548506,4.865711918010377,95.08383061849942,0
2023-02-03 12:00:00,47.098347005327064,4.693383668550757,90.60390737058111,0
2023-02-03 13:00:00,46.94252896577544,4.854953941716628,90.54283747020939,0
2023-02-03 14:00:00,44.85471447674141,5.354230375521587,89.90843903207096,0
2023-02-03 15:00:00,47.135125919942666,5.391428595903761,101.26486926815026,0
2023-02-03 16:00:00,45.00698325127669,5.487330952976868,99.17070746714563,0
2023-02-03 17:00:00,43.70324446852424,5.504702921924469,100.0269390445842,0
2023-02-03 18:00:00,38.788780877831016,5.499716137956643,91.87542904944259,0
2023-02-03 19:00:00,44.36132300632197,5.385231062953443,102.39564944919115,0
2023-02-03 20:00:00,46.31495750532765,5.6006350604412,100.64421612114779,0
2023-02-03 21:00:00,50.5548299702247,5.322468959619807,107.43030205744982,0
2023-02-03 22:00:00,45.65464213827725,4.796723724782767,107.00670143992006,0
2023-02-03 23:00:00,46.34647437687198,4.231201735856948,111.03132835406564,0
2023-02-04 00:00:00,49.09756732267738,4.215396652336158,102.281986669686,0
2023-02-04 01:00:00,54.88011476401556,4.432052836716965,103.0596773506571,0
2023-02-04 02:00:00,56.947209887593466,4.674014161182964,95.28544169343243,0
2023-02-04 03:00:00,55.690093790565754,4.636257368248841,91.19684466608945,0
2023-02-04 04:00:00,57.82302964112689,4.833976452100255,97.84236313838237,0
2023-02-04 05:00:00,62.74319734307694,4.998340672881239,108.35590142354107,0
2023-02-04 06:00:00,64.60201096756838,4.812594864951477,98.3404464227348,0
2023-02-04 07:00:00,57.61037513351408,4.939143075583738,91.03030714614623,0
2023-02-04 08:00:00,55.29017748777292,5.4079517933895165,100.72710156956252,0
2023-02-04 09:00:00,60.80560249458541,5.3386197402650835,112.50519755667523,0
2023-02-04 10:00:00,59.453437147296725,5.490183645246616,108.96914876264469,0
2023-02-04 11:00:00,52.44732589054016,5.629080152089491,105.06207635348046,0
2023-02-04 12:00:00,47.84436355397438,5.8371547805609625,102.7371029443307,0
2023-02-04 13:00:00,45.280663873655826,5.625826453702533,96.09147680752143,0
2023-02-04 14:00:00,41.49062425621754,5.705588701316305,85.13827599939493,0
2023-02-04 15:00:00,39.24692747935133,5.762276578664535,94.36048106300665,0
2023-02-04 16:00:00,39.27887351952946,5.7848581030495785,103.48281216120112,0
2023-02-04 17:00:00,39.74169608961223,5.634914237450594,104.44828599990588,0
2023-02-04 18:00:00,41.16451645792519,5.338910220643513,94.20511460753018,0
2023-02-04 19:00:00,46.7836606922506,4.7990730519361575,103.12765759252838,0
2023-02-04 20:00:00,45.93713859823006,4.769633686267746,110.63520464901559,0
2023-02-04 21:00:00,47.02292468587201,4.802960138886575,121.023802266242,0
2023-02-04 22:00:00,46.21089374189229,4.992270624684781,112.16815045868024,0
2023-02-04 23:00:00,49.241443723701195,4.910476014862253,107.40414440339211,0
2023-02-05 00:00:00,50.21717738975031,4.588914861169614,91.44336446075481,0
2023-02-05 01:00:00,51.38486303275231,4.355029110717943,100.37380083000069,0
2023-02-05 02:00:00,52.60932754976683,4.350132399357792,98.2297254762362,0
2023-02-05 03:00:00,54.03614107616384,4.9742896400878465,104.42243241691443,0
2023-02-05 04:00:00,58.81850792642946,4.795761257428187,94.06810354335921,0
2023-02-05 05:00:00,57.80092677620097,5.212683507764397,96.59651040822465,0
2023-02-05 06:00:00,62.506114079848224,5.003787329565209,90.44073769396913,0
2023-02-05 07:00:00,61.528940397600074,5.3630974881819,95.51399224999248,0
2023-02-05 08:00:00,57.85942126347794,5.348799121295271,95.96801879283488,0
2023-02-05 09:00:00,49.96978250375323,5.5856288173887,93.96065772592624,0
2023-02-05 10:00:00,50.43776965990202,5.686298690391572,97.37336948150967,0
2023-02-05 11:00:00,48.506381979047106,5.6285896730255,97.00416054884691,0
2023-02-05 12:00:00,50.18880653300452,5.714484536041781,95.34351204995046,0
2023-02-05 13:00:00,53.332199150690656,5.650399406640461,98.60856503785118,0
2023-02-05 14:00:00,52.655047215094505,5.700565082844033,105.54316332857127,0
2023-02-05 15:00:00,45.31009072167804,5.615250780502292,100.15720883904507,0
2023-02-05 16:00:00,42.72930997712138,5.578743505877157,91.53456746857209,0
2023-02-05 17:00:00,43.05161911625355,5.848626989562047,97.7933336029976,0
2023-02-05 18:00:00,44.9262982837269,5.5334504328747105,104.23522072069093,0
2023-02-05 19:00:00,45.512087628311484,5.386537823190917,100.10599475148823,0
2023-02-05 20:00:00,43.33662191261211,5.3682870949118255,97.77972442183096,0
2023-02-05 21:00:00,44.21381938796873,5.729060002411648,95.30707486696208,0
2023-02-05 22:00:00,51.783686670642105,5.260106042923829,98.74870238240474,0
2023-02-05 23:00:00,56.15646357312278,5.027305355827875,98.00650723896315,0
2023-02-06 00:00:00,51.19637975740411,4.495996357253361,101.34705817927237,0
2023-02-06 01:00:00,50.76703224116335,4.771115137818523,94.79241139927161,0
2023-02-06 02:00:00,55.84871198872547,4.98751204237368,87.28650578373008,0
2023-02-06 03:00:00,59.05488153324268,5.227610277817662,87.9500108933109,0
2023-02-06 04:00:00,63.805366978945685,4.777804326438702,96.8734859359659,0
2023-02-06 05:00:00,65.29418819959825,4.37780295621064,98.99386684923121,0
2023-02-06 06:00:00,62.25236270602038,4.578932971214106,98.38843566591265,0
2023-02-06 07:00:00,54.63373416634066,4.804614195519792,86.70822894345108,0
2023-02-06 08:00:00,52.52296646603178,5.3685304058035905,82.79893895140839,0
2023-02-06 09:00:00,52.51595942600962,5.865224570083892,81.86475211096975,0
2023-02-06 10:00:00,58.674764504181326,6.294350945152657,88.23927075400786,0
2023-02-06 11:00:00,57.98499599031235,6.018084053190313,84.24386335239342,0
2023-02-06 12:00:00,55.203828343020035,5.649770046704464,81.14342780050683,0
2023-02-06 13:00:00,49.5055926656401,5.12091542613581,87.36334493209961,0
2023-02-06 14:00:00,51.30347885561715,5.057300399260066,91.18891057055691,0
2023-02-06 15:00:00,55.95419628941269,5.184668595643914,84.85919752776924,0
2023-02-06 16:00:00,55.815343740459355,6.178581962608882,71.48259930731041,0
2023-02-06 17:00:00,48.43398325057761,6.197308685387254,70.48499113541044,0
2023-02-06 18:00:00,44.96698381276701,5.490619870289501,85.67352899229199,0
2023-02-06 19:00:00,49.31268389925457,4.806608264691142,83.22966615280029,0
2023-02-06 20:00:00,54.85369779710144,5.24316279640054,77.04998444167742,0
2023-02-06 21:00:00,55.30030523556777,5.280224376874572,72.520880327591,0
2023-02-06 22:00:00,54.02529230657713,5.253897938331577,92.17111454044455,0
2023-02-06 23:00:00,52.61374278763752,5.197273965680857,93.5335181300262,0
2023-02-07 00:00:00,57.27256888817771,5.624798359078081,93.55235102513973,0
2023-02-07 01:00:00,61.70769137822827,5.894325033656297,88.87944989555204,0
2023-02-07 02:00:00,62.242954584188425,6.198516165489161,85.58146609393249,0
2023-02-07 03:00:00,62.86936289247452,6.018209376415377,82.99579614835648,0
2023-02-07 04:00:00,65.15892118975133,5.732497463073331,85.91005018875968,0
2023-02-07 05:00:00,67.90927400516449,5.751032304626165,90.30515030497011,0
2023-02-07 06:00:00,68.06980155181124,5.946909860410635,104.46127674687175,0
2023-02-07 07:00:00,65.01860953920401,6.04692109123716,96.65181690248849,0
2023-02-07 08:00:00,61.09330407892048,6.644475416664138,92.91955540290013,0
2023-02-07 09:00:00,62.49641798446879,7.155443473592892,80.8380300760792,0
2023-02-07 10:00:00,61.73335537252959,7.2065302065856445,89.52468441796499,0
2023-02-07 11:00:00,56.79621610587406,6.429347022641143,88.81870302809807,0
2023-02-07 12:00:00,51.0811725466685,6.023756043359943,92.57331973029478,1
2023-02-07 13:00:00,50.96906537208236,6.338200253027849,87.24550777565642,0
2023-02-07 14:00:00,53.33455827770277,6.913467799361268,83.3141425335716,0
2023-02-07 15:00:00,53.7714958984925,6.856459059395464,80.58816161678766,0
2023-02-07 16:00:00,52.38183851498767,6.577317098095063,84.78009305300262,0
2023-02-07 17:00:00,45.50951035604507,6.298710685735994,85.2972901783523,0
2023-02-07 18:00:00,44.674820191462665,5.635850722554178,86.96355955018798,0
2023-02-07 19:00:00,46.4706193931345,5.059640801001375,78.40690333488733,0
2023-02-07 20:00:00,54.49135601159855,5.141938570124933,89.1568831046047,0
2023-02-07 21:00:00,53.41265867012147,5.7745508141313415,92.33983397545722,0
2023-02-07 22:00:00,52.16739597724526,6.377098163743759,95.47540860624903,0
2023-02-07 23:00:00,50.141787401053364,6.525274930291552,88.20776851388824,0
2023-02-08 00:00:00,56.89521638033931,6.196986584757003,95.11350401646281,0
2023-02-08 01:00:00,57.57105413510585,5.3095156755855815,98.06140651150531,0
2023-02-08 02:00:00,57.330071221940074,4.830972477941494,110.36590522903622,0
2023-02-08 03:00:00,57.16029023576754,4.695503532645922,104.13502270512005,0
2023-02-08 04:00:00,60.02522930513781,4.880422948554227,103.35892894253595,0
2023-02-08 05:00:00,58.55909294602682,4.907417960491282,100.91683800908409,0
2023-02-08 06:00:00,56.908952669587684,4.898514121515512,109.81734345885202,0
2023-02-08 07:00:00,59.94672701822206,4.756239651882135,102.85084283628402,0
2023-02-08 08:00:00,58.202033708554666,5.055350261246179,102.42859858303451,0
2023-02-08 09:00:00,55.21236093708896,5.318474715704145,99.09876421390106,0
2023-02-08 10:00:00,50.08013950857553,5.417337321205523,102.11619990484097,0
2023-02-08 11:00:00,53.81288897049096,5.669810993041769,97.51234499803053,0
2023-02-08 12:00:00,49.363017641469874,5.884504194373563,98.33093493670543,0
2023-02-08 13:00:00,45.56081133697346,5.126523893480449,98.57897301796339,0
2023-02-08 14:00:00,42.00520837461694,4.581880766818328,97.98711858374936,0
2023-02-08 15:00:00,48.195028564959436,5.223091221427936,104.19276795596176,0
2023-02-08 16:00:00,48.32976314879237,6.27482137014029,109.93481330354383,0
2023-02-08 17:00:00,43.80906708261529,6.009268998334386,111.93515359066376,0
2023-02-08 18:00:00,44.75868653415943,5.43238640072204,104.03812875359142,0
2023-02-08 19:00:00,45.46243545753253,4.8752283120878595,96.10454889513854,0
2023-02-08 20:00:00,40.32121131555165,4.78892438592918,96.1240975719742,0
2023-02-08 21:00:00,38.02669583524781,5.36369577514518,103.99225970320042,0
2023-02-08 22:00:00,44.154208467902556,5.390739569398691,114.62583282868712,0
2023-02-08 23:00:00,46.70230339632927,5.298053032835201,109.26239408186116,0
2023-02-09 00:00:00,47.92439980715742,4.7321400021448,103.17137684884193,0
2023-02-09 01:00:00,53.098742286238426,5.376251474584925,90.81145328074973,0
2023-02-09 02:00:00,55.302360397985744,5.378912012035327,88.28390266421614,0
2023-02-09 03:00:00,50.93747794699073,5.357936186872277,94.72492451444542,0
2023-02-09 04:00:00,53.00209097565899,5.0114119918166296,101.7440912402544,0
2023-02-09 05:00:00,58.396626431886816,5.032427110767893,105.04251251830462,0
2023-02-09 06:00:00,59.28215944948306,4.809940948690088,103.03281433141036,0
2023-02-09 07:00:00,60.64605032397544,5.091075330398355,104.8535649213746,0
2023-02-09 08:00:00,59.28102011125458,5.349144224819361,96.46522842017384,0
2023-02-09 09:00:00,53.88334057588527,5.706475163929375,96.47099443009293,0
2023-02-09 10:00:00,45.86887060883155,5.528942983138884,85.65902537073954,0
2023-02-09 11:00:00,47.27692977565692,5.766266031836328,86.3938949421326,0
2023-02-09 12:00:00,49.547348975042844,5.710499649053392,83.68284479838054,0
2023-02-09 13:00:00,48.41683596157639,5.1682723391082925,96.88682445315224,0
2023-02-09 14:00:00,47.69494433992331,5.218668658906971,103.31645941150677,0
2023-02-09 15:00:00,43.16207970840685,5.387932437377835,108.52778453969115,0
2023-02-09 16:00:00,44.86169755878133,5.512949049128818,108.75972493912225,0
2023-02-09 17:00:00,44.45435147345884,5.0771315309720055,100.85650132486424,0
2023-02-09 18:00:00,47.47005923255291,5.55180949176932,103.23948185933637,0
2023-02-09 19:00:00,45.07367670722745,4.908984111667329,105.08825595899435,0
2023-02-09 20:00:00,47.06963008351932,5.220322387837168,109.58035455686586,0
2023-02-09 21:00:00,47.362316377754354,5.504128560351563,109.1877166470502,0
2023-02-09 22:00:00,49.40978139069967,6.027770077188219,104.21020607736936,0
2023-02-09 23:00:00,50.66307372284272,5.115782691588054,98.71651714652003,0
2023-02-10 00:00:00,54.1696744986776,5.123219284816888,90.23510617001675,0
2023-02-10 01:00:00,55.74171276912203,5.205930745254519,95.33140165406721,0
2023-02-10 02:00:00,57.33121673855082,5.328635812003867,91.0389894654372,0
2023-02-10 03:00:00,55.65934614311949,5.286912223138302,98.00869778551441,0
2023-02-10 04:00:00,59.64294021640613,5.26550382156956,101.88816215283772,0
2023-02-10 05:00:00,57.50936721537861,5.152328327274288,105.78510099097858,0
2023-02-10 06:00:00,60.8317666704783,4.936463017183714,99.3578346762553,0
2023-02-10 07:00:00,59.85586212495722,5.065893580536687,91.57180779815053,0
2023-02-10 08:00:00,57.33210718079671,5.52918683789088,91.81268184263425,0
2023-02-10 09:00:00,51.95138232798087,6.082342457863329,88.39583776622855,0
2023-02-10 10:00:00,50.44246073749646,5.319788718218662,93.4792939846087,0
2023-02-10 11:00:00,52.6731791796203,4.996885563564315,87.00814460574193,0
2023-02-10 12:00:00,49.23760164837978,5.104240005071434,103.44962427687034,0
2023-02-10 13:00:00,47.58474988420292,5.753342090191293,111.2450238002332,0
2023-02-10 14:00:00,39.965924045736664,5.299673468491836,113.33769237216185,0
2023-02-10 15:00:00,40.02773308400831,5.6105851036144365,107.66217007994808,0
2023-02-10 16:00:00,36.62860416894834,6.005783350922685,102.50468751258597,0
2023-02-10 17:00:00,35.062155064653425,5.97466111576541,103.84501524045467,0
2023-02-10 18:00:00,35.938098129329695,5.463566528503814,100.02280006363085,0
2023-02-10 19:00:00,43.83290574280325,4.92073723331614,101.30592856383724,0
2023-02-10 20:00:00,48.535381670698115,4.640956024245766,103.02513227881215,0
2023-02-10 21:00:00,46.136346156509155,4.54312946444342,108.54222783877483,0
2023-02-10 22:00:00,45.00311223567271,4.983527461664893,109.9257324201363,0
2023-02-10 23:00:00,46.856714232708946,5.461628928994589,95.81239793281011,0
2023-02-11 00:00:00,47.82360741599834,5.472075609454511,88.01531918606621,0
2023-02-11 01:00:00,51.55387419496012,5.325251690719748,86.6082359865704,0
2023-02-11 02:00:00,56.80664648560452,5.232243006868129,99.13902147977988,0
2023-02-11 03:00:00,59.766780219220315,5.130125404601867,95.65913189217495,0
2023-02-11 04:00:00,57.02346018136355,4.975731382849503,103.12750371698552,0
2023-02-11 05:00:00,57.481638007425424,5.080586510281058,112.3542008059454,0
2023-02-11 06:00:00,54.01528176318569,5.309636981225305,120.26005786634668,0
2023-02-11 07:00:00,51.377419585349415,5.542604815495629,109.03963285606356,0
2023-02-11 08:00:00,51.32639557452764,5.80765023029549,103.79606784454889,0
2023-02-11 09:00:00,51.92781134668643,5.877924469982191,97.00636819566921,0
2023-02-11 10:00:00,48.57647773485,5.889165239469195,94.45110101759775,0
2023-02-11 11:00:00,52.06162401255494,5.848735800874738,99.67611840586336,0
2023-02-11 12:00:00,56.13350301669734,5.483548485734906,98.61637483796876,0
2023-02-11 13:00:00,52.71032230994004,5.230869046021936,96.22788329157208,0
2023-02-11 14:00:00,49.74864344349733,5.116232819959066,96.98759016429872,0
2023-02-11 15:00:00,44.9044332545208,5.181268678677251,100.23572921674779,0
